,A,B,C,D
2000-01-01,-1.0210058387292589,0.9524510941595501,-1.4733615456102322,-0.8599936459075513
2000-01-02,1.0155252381655198,-0.30385996680775684,-1.3418717699163847,-1.8308447215279622
2000-01-03,-0.2676710161803664,-1.3890997361678457,-1.8637920216411021,-1.989830576946331
2000-01-04,0.2699803163588259,-1.2556572066787883,-2.269508812888146,-1.2477348298454325
2000-01-05,0.041343163486823736,-2.443161535588694,-1.7708821356518565,-1.0770765406175409
2000-01-06,1.4875095380250707,-0.9806722882079117,-1.3716953973084984,-0.25275340316847983
2000-01-07,1.3521679351837594,-1.0022996402935949,-2.004792779060103,0.36124630872612784
2000-01-08,2.461650754230972,-0.5830770726839335,-3.015521106577128,1.7647348399343197
2000-01-09,3.47643544516057,-2.662844608472033,-3.932491539633764,0.7896470633552273
2000-01-10,2.8870461994537404,-1.7294481560572537,-4.547154434470829,1.45279408915363
2000-01-11,2.5624572581182274,-0.6941468221778013,-5.653787846809039,1.2573063862152323
2000-01-12,1.9468117234810225,-1.2762382101854826,-5.219704912445805,1.1897652139885466
2000-01-13,3.0255222259030203,-0.9894566504625897,-4.951336216718455,1.5512254690977763
2000-01-14,2.476007271624203,-0.051242939420569344,-6.489657924195429,-0.07220972963072647
2000-01-15,2.2170677961617415,-1.8150302216974397,-7.022717274728296,-0.296505736096169
2000-01-16,0.7927242710647133,-0.37220575679965195,-7.010407316340623,-0.7816985411199532
2000-01-17,-0.6198413157527156,-0.6858911165959337,-5.341146028013057,-1.4758992964531767
2000-01-18,-0.3835750941790529,-1.4775111719523681,-4.239924996806682,-2.9127953026291786
2000-01-19,-0.8630021209267017,-2.524939983785483,-3.232255731087263,-3.3732145792492902
2000-01-20,0.6632982141923608,-2.228247665143426,-2.852910943907878,-3.074441890894477
2000-01-21,0.13397458055964673,-1.81371295344411,-4.007057893577862,-1.0174191711432177
2000-01-22,-0.08628053445887002,-1.6901180411362298,-5.747870901865951,-1.2479998025328585
2000-01-23,1.133274940188494,-1.4987354961852986,-5.463926644709275,-0.239947986645618
2000-01-24,0.5064809507112974,-1.5273334039701874,-6.0053212460988235,0.24614690508171239
2000-01-25,2.6662855623615376,-1.0619879649147763,-6.587495286344098,1.5348332087287004
2000-01-26,2.2695933376996997,-2.896444399992472,-6.982781860856928,1.3480755125233472
2000-01-27,3.4566516501193227,-1.6108149956800621,-6.586726908097334,1.9947068390585985
2000-01-28,4.255615887641157,-2.028917379266746,-7.605681314810097,2.1561483668377015
2000-01-29,4.718689988077771,0.31802633223023147,-7.546966686668824,4.230525034915
2000-01-30,3.3899644147092145,0.2242809673407245,-8.134042821006458,2.261311457952738
2000-01-31,2.478093645186347,0.910868786663128,-7.0480901941171075,2.0493003498253577
2000-02-01,2.874497926173202,2.1460869722097673,-8.303064283552008,0.878606842099777
2000-02-02,2.2722166146381957,2.482863026806243,-10.120741807574529,2.88337655248902
2000-02-03,1.3598804657434234,2.566042106220048,-8.860540320301386,3.367683662658227
2000-02-04,1.4017242071999123,2.6933754675124253,-8.283684317847571,2.465650776605403
2000-02-05,2.4326986367480026,2.39006998118346,-8.610071960029742,2.3443935102045748
2000-02-06,2.6183855164920424,5.1981954054692725,-9.528855659634424,2.6425797431589237
2000-02-07,2.9057933953383266,5.702544664300493,-10.272556061396777,0.9308515284539742
2000-02-08,3.725688160406448,5.784475091432438,-9.317055727011995,1.4878589117107035
2000-02-09,2.4251554546107097,6.048609710322512,-9.655266292597636,1.8775637962642207
2000-02-10,2.3992928267792175,7.567618781162148,-11.325385652010114,1.8551913757657605
2000-02-11,1.6164050551871962,8.37804028482267,-10.20930190647626,1.952054016858457
2000-02-12,1.6022951263671414,9.869440825005249,-8.151681497973104,2.0716162061660377
2000-02-13,2.072873734973702,9.498111729641533,-8.567716813374718,3.478838264106324
2000-02-14,0.34454302107594836,10.818424627880459,-7.289476717553941,2.9181405942872773
2000-02-15,-0.7875944669290238,9.925213799193555,-6.526939356821806,1.4105749343740734
2000-02-16,-1.9064651953941105,10.45556512721424,-4.687918679534967,2.5028766861936456
2000-02-17,-2.8885074343371473,10.35343086112886,-5.70564963843999,2.7710280418144184
2000-02-18,-2.751415098681319,8.81273305671681,-6.111943140926173,4.0360018395589945
2000-02-19,-2.529417461026189,9.12691951921909,-5.827151600415295,3.8034010940896152
2000-02-20,-3.3407410214929776,9.536706240429448,-6.78633786778544,3.8648751080011574
2000-02-21,-3.56698908741771,10.77094569630495,-7.729562703484989,2.2159722088056064
2000-02-22,-3.362059609797245,10.08859725433867,-8.52590861003134,2.116797866075964
2000-02-23,-3.1385516698342824,12.185334477426533,-10.174330792986062,3.402869599741486
2000-02-24,-3.018047694937906,11.857761798478906,-8.680610562096412,2.1913680118214316
2000-02-25,-1.6084414609109434,11.902951338454185,-9.613197624068158,1.0538951193574932
2000-02-26,-1.4999594478741096,12.459199122895589,-8.195987471701871,-0.5602415368419107
2000-02-27,-3.091829332473255,11.402295416294086,-7.996162658704246,0.5298443248287608
2000-02-28,-4.250403493722893,11.728397908543078,-8.352710463790016,-0.0699756611606347
2000-02-29,-4.159385438553426,11.682001027898698,-7.944890950321979,1.6228163880250928
2000-03-01,-3.9956040271866864,13.310164948788978,-7.584728597976845,0.4263427317337549
2000-03-02,-3.9525543570251815,14.325497641888854,-8.82463997504553,-0.14445218299159834
2000-03-03,-2.7029498052511354,15.359542509142281,-8.46927902104434,-1.1314237750772707
2000-03-04,-4.004514798607551,13.237982467783024,-8.233609462356686,-2.7454252981100655
2000-03-05,-4.573696023422878,13.108313356872701,-7.87928191371874,-3.130942952110518
2000-03-06,-3.6749000160670042,13.184198109875956,-7.863951408744239,-3.278957388980565
2000-03-07,-1.3756956562665885,13.031327840191747,-9.78402553745514,-3.915452195888256
2000-03-08,0.14997307631039258,12.964214343440755,-8.712848009746448,-4.770940658806928
2000-03-09,1.0588813434101794,12.896963030428454,-8.576681492245081,-4.089704429266611
2000-03-10,1.038626560256129,11.448993720114032,-9.60733540228994,-3.4153126707452963
2000-03-11,1.3883522028109763,11.179902862413014,-10.521668067334563,-3.002416086082495
2000-03-12,0.13910580869384703,11.861405899422982,-11.35237830560708,-2.347533905462861
2000-03-13,0.10302298986617305,12.305150577812205,-11.438262601251532,-2.5731088436899627
2000-03-14,-0.42382054751614245,12.0780465514378,-11.119752802881646,-1.7552697145239748
2000-03-15,-1.0186884784388033,11.7578632074899,-12.211029732026695,-1.6028804003624324
2000-03-16,-1.8363260320272965,10.60340678269166,-12.352729283166823,0.08302371769943595
2000-03-17,-1.672704137403799,10.89674598211907,-12.203973025146887,0.1588283489230893
2000-03-18,-3.4296375412443747,10.383523614184405,-12.756848817312822,-0.2687457569197953
2000-03-19,-3.8888730801795655,9.634106633550973,-12.996288541535993,1.1326785086305036
2000-03-20,-5.014541872510378,8.536077423889681,-13.082216291155637,0.8764980384937593
2000-03-21,-4.21117656886875,10.038761744811062,-14.099864817334776,-0.8311143937153946
2000-03-22,-2.8782993617304715,11.572193892841582,-15.28952685111543,-1.2699546220328959
2000-03-23,-3.749612998671308,10.851791505610501,-15.60738476733848,-1.3318347017983645
2000-03-24,-3.416347839950196,12.01850101435209,-14.380593544480904,-3.132670932136564
2000-03-25,-5.1554184799874365,10.577762265017064,-13.786932938004222,-2.602112338153605
2000-03-26,-5.46729862280997,11.148572424862515,-14.877525474624683,-4.060098307104196
2000-03-27,-6.716233951973782,11.960381645339083,-13.885982658828283,-3.4873146014224368
2000-03-28,-6.315337113692417,12.294858006039597,-12.92655410746881,-3.509908630583356
2000-03-29,-8.119341495332916,11.742699375248055,-14.497343486388324,-3.553538333846824
2000-03-30,-7.63049768214107,12.60650402781238,-13.860368200200984,-4.840591323404691
2000-03-31,-6.344995405855424,14.138555635469368,-12.875475640989263,-3.6489647061982406
2000-04-01,-6.999903365665753,14.69149966661668,-12.31456924375885,-3.1864432591606455
2000-04-02,-7.026479554396902,15.365305472513358,-12.3162497749863,-3.437272720057104
2000-04-03,-5.954931576513119,14.215806146746178,-12.395912442461832,-1.5241237606793814
2000-04-04,-3.83759772609311,15.07028106578793,-13.528541087579832,-1.904745015962448
2000-04-05,-4.790723582286661,14.257828004105003,-15.047720847151774,-3.2059457416902264
2000-04-06,-4.876775543609184,14.433043833993862,-14.393429947195347,-2.900963788352418
2000-04-07,-3.830026233941307,14.13683690809986,-14.69470039165498,-3.011691144994859
2000-04-08,-2.5326746489666565,14.454424018807682,-16.216766935908616,-2.003550802145371
2000-04-09,-1.6005006759109772,14.322694169800304,-14.470208346579886,-1.3649860453117282
2000-04-10,-0.3203502219442387,14.694719839978735,-14.519112267075885,0.36723179890041524
2000-04-11,-0.5515408828663612,15.969914549611358,-13.562832693750728,0.17712739985133696
2000-04-12,-1.5746281978266121,17.787689315162275,-12.154790430705372,-0.4141427629450172
2000-04-13,-2.6665429947299595,18.93259204597668,-11.57877124223106,1.401254575480816
2000-04-14,-3.196096197317367,19.082980094426954,-11.083341988908195,1.499210926391374
2000-04-15,-2.384779463753877,18.811054049531954,-10.826521780785539,1.3491347011572405
2000-04-16,-3.5350393095970114,17.600878144525606,-12.114625788358458,2.794887720007601
2000-04-17,-5.134608753465484,18.09367759246761,-13.142694844928618,2.5687268057491774
2000-04-18,-6.821549160626502,16.37778136219174,-12.376549377953976,1.6744096209251538
2000-04-19,-5.070159165184913,17.492791957305958,-11.804734853667846,2.0645890655707113
2000-04-20,-5.675891046698396,17.801800806401552,-11.367617467880756,1.0486911913735746
2000-04-21,-5.591884089168923,17.483720221096647,-11.074095015271295,0.5296944053174959
2000-04-22,-3.494183820260734,17.850365162573006,-10.929455521039744,-0.9752209542498664
2000-04-23,-4.634037925670274,16.598211332099446,-11.666723823917858,-0.0009789457113272837
2000-04-24,-3.840623003273807,16.10314456311968,-11.784471258197954,-0.04681491218173581
2000-04-25,-4.540984674761994,16.410222845480384,-12.299551120665244,-0.18603022957345733
2000-04-26,-3.8083161233159943,17.021310691726956,-12.529852038089926,0.32138798108096694
2000-04-27,-4.423052686354324,16.84831995800009,-13.122877422685024,0.029264288765472823
2000-04-28,-3.4412516038541447,17.483871480687743,-12.84810800630875,1.1206471442603765
2000-04-29,-3.7958717816393346,16.89462519489237,-12.063406472858903,1.533390881198034
2000-04-30,-3.0939941209306605,17.1074552857406,-12.008444028174448,2.667632772633352
2000-05-01,-1.189855225319502,17.842295453923352,-10.309693628606599,2.8514902377872002
2000-05-02,-2.2979734392860642,18.799954304392894,-9.73168501384652,2.4344553561984146
2000-05-03,-2.7809035717941395,20.16697081556764,-9.889368774994546,1.705240414864151
2000-05-04,-4.611416342931822,20.386435628154064,-10.9693770371255,2.5623356251818294
2000-05-05,-2.2978366883122727,19.654794216426435,-9.98615142216851,2.840078350867198
2000-05-06,-2.3023288777349387,20.22472340084396,-10.470994977039924,2.6554616023819118
2000-05-07,-2.2032803765710605,21.132132938684595,-11.675137262250903,3.836698949000854
2000-05-08,-3.5800945667309816,21.328870519971925,-11.835379793610363,3.121444694140168
2000-05-09,-3.216255163009225,20.948494754588328,-10.745844354957525,3.9757969766163606
2000-05-10,-2.579202437829391,21.353971220748722,-10.455185440989661,4.256752427444183
2000-05-11,-2.608764176076087,20.97610142445005,-9.204182681253354,3.1264557017732493
2000-05-12,-1.8753268592671561,21.049340712196877,-8.520304074784399,1.8946603686910746
2000-05-13,-2.337581750153795,21.96497346835463,-8.80691735064765,2.4430458092076566
2000-05-14,-3.001530177944521,21.510978642209842,-8.894697911542654,2.165358714781318
2000-05-15,-3.0828925905709554,21.448553057046485,-10.054019821090098,3.2466199507905715
2000-05-16,-2.150960609190551,20.380186501273457,-9.573384721216572,2.5800920955119344
2000-05-17,-4.075954851015742,21.684916573963303,-9.755301339730106,4.835448602532761
2000-05-18,-2.9982406049232857,21.98421188269435,-9.386029910391219,3.6346685671165213
2000-05-19,-3.962351817234137,22.906438541935866,-10.053869377746935,4.075712906007714
2000-05-20,-4.857915359777866,22.637308848048832,-11.021136838228474,4.5433768023967245
2000-05-21,-5.3779331290786745,22.08068973248072,-9.990909625602983,5.6537093856855245
2000-05-22,-6.718827042926943,23.27469968753633,-9.111380323659473,5.431995492486209
2000-05-23,-6.309618584675819,24.318953021974227,-6.843672111251054,5.846029481179085
2000-05-24,-6.704581320982312,26.03476177064274,-7.754979957753335,3.1326520430996143
2000-05-25,-7.5410618879612255,27.393964916263084,-5.717563383266247,4.173590130222047
2000-05-26,-7.65507548653221,26.7867629315305,-6.601678591802797,3.7102828590297428
2000-05-27,-7.332026912026435,26.25140098626261,-8.213660109131624,2.9371502058963554
2000-05-28,-7.291511663041483,23.95207311013329,-8.029733938860847,2.9743543761219913
2000-05-29,-5.372759857189102,23.07928847576082,-8.952731434373046,4.387366765982128
2000-05-30,-7.175586772134595,21.16997987114517,-8.664306268367756,3.295480276551155
2000-05-31,-6.290854576029776,21.839193301249843,-7.275239765914905,3.3753789213930214
2000-06-01,-5.205293076750287,23.545228366571386,-5.552347435517558,2.4496372869239296
2000-06-02,-4.850741953899504,23.508546105119112,-6.500937818026969,0.9541977333881606
2000-06-03,-7.09322583041933,22.955050093482757,-6.826326850397292,0.19492208949281187
2000-06-04,-10.04284715518739,23.03187891309347,-6.565681961398715,0.47214301635176675
2000-06-05,-9.193287668632987,24.547629207144524,-6.0719127450055375,-0.49920915617496436
2000-06-06,-9.773308100056454,24.199617876458696,-6.566200481302293,-0.312338318456416
2000-06-07,-9.53434018503659,23.216664583708116,-6.626953910965338,-0.07529736448991664
2000-06-08,-10.135828792313617,22.86745204604486,-9.075768588915533,-2.580053166598228
2000-06-09,-11.821500607138617,20.172517751097622,-10.46842580881373,-1.7614348704304001
2000-06-10,-13.390495043868082,20.54802722927447,-10.411991373254516,-1.687646743935297
2000-06-11,-16.520196030901193,20.30197411606456,-8.846465744622957,-2.999618480795939
2000-06-12,-18.05889765906734,19.4257155945949,-9.943755168107705,-3.603650082701625
2000-06-13,-18.128035862102315,18.761747208822538,-9.524133213691721,-3.541150003590953
2000-06-14,-18.017877699371112,18.9068821305132,-9.1108996388264,-3.0213890854385883
2000-06-15,-18.599905545788694,18.183958547726444,-9.603304783282992,-3.247975870995669
2000-06-16,-18.073253858120403,19.307824278805846,-10.213862209133787,-3.298101282053213
2000-06-17,-20.887579923233876,19.562657491765215,-8.179684188446146,-1.6033330209485124
2000-06-18,-21.757408354296143,21.400365402362397,-9.023636559512767,-0.9940065570378166
2000-06-19,-21.074912589502578,21.312218501724285,-7.6553715078986215,0.13093833710089953
2000-06-20,-23.027052681399844,19.86188549957354,-7.856102142698732,1.6050823835070687
2000-06-21,-23.82007808482076,19.53552759545034,-8.248453311679867,1.8937230496046007
2000-06-22,-24.817544893316196,20.511539057424386,-7.6706003893641785,1.21232483930722
2000-06-23,-24.508394948020847,20.072378139425243,-7.697331116509773,1.6739103291257453
2000-06-24,-25.976078494661568,20.235394265707974,-7.232031662441336,1.1023430870893214
2000-06-25,-26.20208349114886,22.034793534891975,-7.603734445364677,0.9145681983220696
2000-06-26,-27.20619003659762,21.170963842429217,-6.571764691906143,-0.4130186336202718
2000-06-27,-26.149093220786717,23.53351694166072,-7.859182522608879,-0.42309700527903504
2000-06-28,-24.235869500999016,23.019553477348182,-6.97561805372635,0.7697170650103484
2000-06-29,-23.95436318233641,22.962476655937728,-6.782183939562231,0.7305415542833917
2000-06-30,-24.668282477876684,22.62265103209882,-8.261239109307159,-0.7226186874146909
2000-07-01,-24.968145204687808,23.398579945984718,-9.203479996379444,-2.136976394708212
2000-07-02,-25.242608077524455,24.415220273935063,-8.985276126586571,-2.885731358799442
2000-07-03,-25.672771864107204,25.16178150703285,-10.412528961310146,-2.834819184172874
2000-07-04,-24.39186477707106,24.171570438798433,-10.29813806739248,-1.4256285624546503
2000-07-05,-23.27292978749436,25.321947151386258,-9.347156920023325,-0.18122098197269665
2000-07-06,-21.958142953641712,26.403573053757928,-9.319430840287277,-2.169658067760378
2000-07-07,-24.032152478490776,27.186909060052596,-10.145962899027367,-3.091181142222934
2000-07-08,-23.432264631431675,28.030154560811578,-9.531989265936575,-2.1425076054908536
2000-07-09,-25.276341869025607,26.889851721407037,-8.364052535535302,-1.8952220641037405
2000-07-10,-27.543203747306165,29.98795244675778,-7.996202044671087,-1.5742315708625874
2000-07-11,-27.18164285969702,29.97972785187347,-9.186344373637528,-0.8474070606272076
2000-07-12,-26.276979342093725,29.996705611580836,-8.514985098631424,-0.3305089060763545
2000-07-13,-26.84388035458724,29.959748183235494,-9.989512627073498,1.45857971718707
2000-07-14,-28.201365339368866,31.22280423621954,-10.180754335366005,1.4969912939258387
2000-07-15,-27.01857235573302,30.690625962273494,-11.401713929093154,1.0747589956435841
2000-07-16,-27.34828186908898,31.970441463813195,-9.961567245042847,2.152399199823022
2000-07-17,-26.679530983655408,32.11728198649468,-10.148899068493947,1.4098370528964885
2000-07-18,-26.59231202901291,31.57975599392498,-9.683438964250072,1.1734136413331069
2000-07-19,-27.4613285587685,32.117893195563,-10.560673719666053,1.5337699874001829
2000-07-20,-28.026988248752595,31.08209204863909,-8.687462237251838,2.485826527929056
2000-07-21,-28.985799288796198,32.15296041132348,-8.484119884923128,3.687785318218407
2000-07-22,-30.328520538857152,30.16895921469007,-8.912054475673722,4.014233330916197
2000-07-23,-31.253849828307715,30.468619696502945,-7.522915887502812,4.622793867008433
2000-07-24,-29.06938361409212,30.344563634415945,-7.673905672717464,5.944367216017647
2000-07-25,-30.0391884921471,29.04408359446971,-9.79857330480937,6.278586801644583
2000-07-26,-30.366588217789094,28.707749910018777,-10.161051307582012,2.9083861123037584
2000-07-27,-29.301331334949932,29.59560542893648,-11.743769106896128,4.700509108038108
2000-07-28,-30.518252936639115,29.208379942243564,-13.324629404062215,2.8843815111706794
2000-07-29,-31.91050338583134,28.79359695863749,-13.246880653101513,2.152010665696684
2000-07-30,-31.884791973868694,28.052185449835164,-13.284447524630947,2.576562589793622
2000-07-31,-33.19688289036075,27.141819669656723,-14.359553690839583,3.0131386789885592
2000-08-01,-33.3581687322338,25.674883366892544,-14.242286322711132,2.1539486928623104
2000-08-02,-32.49203244679625,25.752453725124028,-13.224370719240332,1.705244944119147
2000-08-03,-33.39305772491448,24.889204687598863,-14.966161986739099,0.7691468713464549
2000-08-04,-32.63705615023987,26.320085878703193,-16.74338977494372,-0.05212757453191963
2000-08-05,-32.330168120079954,26.881688715569748,-16.39134441435882,-0.34685054557643186
2000-08-06,-33.46196826871866,25.474990035504852,-15.862589793932168,0.4651983037161446
2000-08-07,-33.657149186756065,24.852529744888535,-16.343863809120997,0.08877247528233406
2000-08-08,-33.18401185791219,25.369928993009285,-15.127452161626561,1.1910036211066053
2000-08-09,-34.12207034530882,27.616549223731035,-14.500058684576778,1.8469325691094411
2000-08-10,-34.64148775148768,26.86904783401318,-14.379018441405305,0.7179108845691653
2000-08-11,-34.23580881272415,26.80938772979288,-12.560195579519014,1.5067298474546504
2000-08-12,-34.45683415770077,26.35668268012404,-11.1561101652464,0.45870436882169985
2000-08-13,-36.44645611832446,25.088211304570226,-11.682540692927322,0.3578385955652141
2000-08-14,-35.83183967197122,26.584091992033265,-11.748019343087073,0.521220316932622
2000-08-15,-35.68621802353839,27.92030854589861,-12.73575726213116,0.5919827127440306
2000-08-16,-36.24987361627573,29.448050027291774,-11.356346680679158,-0.48231453820403225
2000-08-17,-36.55320686029081,30.531814257388618,-10.490298526457718,-1.7400537890029764
2000-08-18,-37.626319962145345,29.09093303281481,-12.340008403972844,-1.784554044556472
2000-08-19,-36.82796003454238,27.446862852362237,-11.767341094814283,-1.5575955488856095
2000-08-20,-36.311063471539484,27.208850431712506,-11.94215460708682,-2.4504567641231048
2000-08-21,-36.887435701787204,26.386919166048052,-11.590219858288085,-3.317574002398052
2000-08-22,-37.16793672501777,26.64591804278975,-11.714763494379932,-1.3802194327703026
2000-08-23,-39.106136935470424,27.457546325088384,-11.551887046952174,0.6753266149018939
2000-08-24,-39.651409326180335,25.970919065492946,-10.73140383507737,0.7092629220707308
2000-08-25,-38.57525049684318,24.703032545898253,-11.578617042922344,-0.31066756471155677
2000-08-26,-39.58695949153343,25.63867677214273,-9.619167069748745,-0.536369040884186
2000-08-27,-40.8624735701354,26.048753127954182,-8.525122955675997,1.092672262526302
2000-08-28,-43.18805236497553,27.0011226610275,-8.83454436257803,-0.378176648154241
2000-08-29,-42.78617288805841,27.326822045406512,-8.203576559314511,0.37143531213783976
2000-08-30,-43.790510914169786,28.93907399274103,-8.899528386287539,0.7411455154410872
2000-08-31,-44.24755114627754,30.145693584940737,-9.891764191622821,-1.1051847792092784
2000-09-01,-43.68627897612125,29.794809039396817,-12.460010390044534,-0.40400504248718516
2000-09-02,-42.854930601973386,28.70656146469529,-12.712365972235451,0.6934080977840184
2000-09-03,-41.8047969906742,28.979676249241987,-11.569299334527072,0.11375847057332822
2000-09-04,-41.17053831284017,28.23018128569298,-11.002477394777035,-0.12568846332563013
2000-09-05,-39.86100131780118,30.60293025453662,-10.160027381743136,-0.5530978622515342
2000-09-06,-40.91043445933255,30.83084409280703,-11.167876889798857,-0.5775864815995495
2000-09-07,-40.78911361345973,30.18705561956388,-11.725236072405615,-1.0585842468726177
2000-09-08,-42.49691386115633,29.836316447399597,-11.25114273915839,-1.8090191394967559
2000-09-09,-43.607686883432,30.458133573775395,-10.986897939374463,-0.5567297032869858
2000-09-10,-44.145584027089264,29.95446653712735,-10.523904656610814,-1.4846768168204052
2000-09-11,-42.98648807989652,29.376699065239922,-9.92517972614056,-1.4218244847099912
2000-09-12,-45.56695482835529,30.767609136672853,-8.787117469686601,-2.0403953250352505
2000-09-13,-45.207193360688116,30.574148115899398,-7.540531822688895,-0.05919640177308039
2000-09-14,-45.289509265851926,29.27891468050583,-7.0036584413068494,-0.20903050196243989
2000-09-15,-45.852429734166925,27.689583977228246,-6.507661697308535,-0.3503548120314267
2000-09-16,-45.05357527219685,27.959212520391883,-7.004912924986025,-0.6671690560597302
2000-09-17,-42.77903125629219,28.759217213414512,-5.488743223279626,0.7729208864547129
2000-09-18,-42.408723775007914,28.54142580250512,-6.016510463053619,-0.17867950766270035
2000-09-19,-41.97813867764979,29.83820618629573,-5.64087326826244,-1.0932781094284079
2000-09-20,-42.73760174109043,29.661525324030706,-3.4207514498057625,-1.4156436765002622
2000-09-21,-43.56694720067376,29.02327771800557,-3.763653492612987,0.4984917469507424
2000-09-22,-43.64165757637924,26.641889661808413,-4.2780227809850135,0.33974183709268
2000-09-23,-42.751805672013695,26.685933041520112,-3.6470192651884066,0.928412286488223
2000-09-24,-41.95809980261883,25.476315693365844,-5.049142422825764,0.3329120925638732
2000-09-25,-42.44321777863469,23.121799136902595,-3.2153318602588454,2.6458241323112373
2000-09-26,-42.66161360946944,21.164739745865756,-5.010585629936674,2.7769995904416365
2000-09-27,-42.159195487705055,22.537506166376893,-6.062881409269069,3.717850554909227
2000-09-28,-43.30051650604941,22.379136028293733,-4.872964449322633,3.8263127324854174
2000-09-29,-42.463815819627875,23.011872988972446,-6.522402831886325,2.0534103009527898
2000-09-30,-41.29282270698829,24.138696017695956,-6.741438390220097,0.9274812653208417
2000-10-01,-40.74694583375623,24.90212578242094,-6.243870348264596,-0.2762543723957509
2000-10-02,-39.49439461875099,23.09598430887141,-6.780416400407504,0.15256922239512988
2000-10-03,-39.74906225249736,22.45350320828782,-5.539420616203824,2.2550041911468908
2000-10-04,-40.34663699240046,23.916251452595723,-4.438514344592922,2.046040143499408
2000-10-05,-40.129215567167016,24.280255907638264,-4.696040785544805,3.1074885388001867
2000-10-06,-40.50797059490794,25.224534159590966,-3.0751549749052947,3.954759822245336
2000-10-07,-40.27280157533202,24.439507449062422,-3.835065346606295,4.28480464913387
2000-10-08,-40.979970530851986,23.938109402566422,-3.358311750769254,5.592842780589844
2000-10-09,-39.24921167139226,24.95820773956455,-3.8087136450461965,5.310991123356054
2000-10-10,-40.81961502814956,24.09035295773536,-1.227330276733971,4.342076936207289
2000-10-11,-40.08375553157397,25.26505913460966,-0.3050783610731701,3.5701148196839574
2000-10-12,-39.643298125461214,23.3239494523708,0.9823968236135981,3.9324312849102707
2000-10-13,-39.6556543133163,22.031207066501715,-0.14904479045201457,3.08880611107876
2000-10-14,-38.47690748478164,22.49635154437955,-2.3145931719527297,2.6337786769260485
2000-10-15,-39.036936452579845,24.037635816494557,-2.181787944374715,2.057339175897471
2000-10-16,-39.30952316185435,25.009410131022086,-3.4116846899967035,2.4173191167033905
2000-10-17,-39.19635596458898,24.813921855543924,-2.6260000144952493,1.1999204455407848
2000-10-18,-39.380578738667644,23.201632316546128,-4.448105569958852,2.247577377262674
2000-10-19,-39.51844447843529,23.131044730834372,-4.898363379530579,1.6364409581662298
2000-10-20,-39.51216903667072,23.21976850510317,-6.044878864643549,2.021194906528842
2000-10-21,-40.754428642779374,24.79133370484292,-5.819300726860261,2.0421704486872905
2000-10-22,-40.97047311480028,25.326908890226505,-5.538446576082339,3.2094985358432995
2000-10-23,-38.30257481207852,26.24276827858676,-5.1734636351783045,3.031735718913069
2000-10-24,-38.133160645781075,26.416689390827017,-3.950771151761419,3.2203732583558766
2000-10-25,-36.99025647297693,25.095642399042074,-3.4815404868372397,3.3937809794026186
2000-10-26,-37.256560158537155,24.401160958985955,-3.8710578114690666,3.7200866852293513
2000-10-27,-36.378532481055146,26.588197317164816,-2.9831849139911757,2.0006393169296612
2000-10-28,-35.2388078856123,27.34914027339782,-3.9021892582470614,1.8838226025663063
2000-10-29,-36.15786213843565,28.15400863246607,-3.363274151779113,4.044686555601467
2000-10-30,-36.71056137302588,27.23539752653349,-1.567179560927625,3.171813567861035
2000-10-31,-36.90097250977237,28.17786497021628,-2.439412817655761,3.6210170626640883
2000-11-01,-37.03102135133601,29.050415185915252,0.14817499036292103,3.560568131104069
2000-11-02,-36.19806979606357,28.71185794693589,-0.8964711474036589,2.1810651264131984
2000-11-03,-35.15950699967668,31.617555927868743,-1.8737474255187747,2.1437059597719594
2000-11-04,-35.64622056909348,31.66442804075043,-0.5029564620474782,0.9448350033336996
2000-11-05,-37.319497614083886,32.9213301165531,-1.1930024833470259,0.5403383043920649
2000-11-06,-35.197383040179744,33.823687480654606,0.7405510029156792,0.3253273270196664
2000-11-07,-36.16496717703879,34.42611397587287,0.3340778016959887,-0.4634051853312552
2000-11-08,-37.721506337504664,34.31612846093569,-2.0111648515515057,-0.21501383475111363
2000-11-09,-37.759066508372975,33.897416881492006,-2.7750194153470558,0.1721132455440475
2000-11-10,-37.92801791686299,33.75496805234685,-3.2643295488397595,0.813786717526169
2000-11-11,-38.99840959274143,33.974292446218094,-2.8045255193141814,0.7695627341713341
2000-11-12,-39.06957967681321,33.775201785903505,-2.660324215246104,-0.19519675557019567
2000-11-13,-39.81463220062078,31.684856572661655,-2.2656740716006416,0.4858675595544033
2000-11-14,-40.83611280074323,30.998890076318318,-2.083604876896479,-0.4840411387345315
2000-11-15,-42.74062398022503,30.812206051909698,-2.0691983004301573,0.7202233953445373
2000-11-16,-43.60653745108228,29.50332662289658,-0.7755648109402573,0.5187915025852822
2000-11-17,-43.603043296909014,30.55386461413854,-1.922418178338099,0.18355726227305635
2000-11-18,-43.94286938422487,30.358293809287748,-2.208011315105321,0.036035833551267715
2000-11-19,-42.37561437787419,29.850953547540072,-3.9872659306645586,-0.2234643190984849
2000-11-20,-41.45775620535408,29.304806789996277,-3.1244670522714504,-1.0312781328102276
2000-11-21,-41.790729462793045,30.22782385755841,-3.441439024067449,-1.30568389997309
2000-11-22,-41.18957940226078,29.59256452772418,-2.484056740795794,-1.5832728373179004
2000-11-23,-43.052186390867874,28.56385412289787,-2.81482475590004,-0.7705687119697576
2000-11-24,-42.42195296932729,30.089442596484073,-1.784230690268519,-1.6655320353046839
2000-11-25,-42.755012566784096,30.479501317544464,-2.01264887813359,-3.2442153836598258
2000-11-26,-41.91537761395963,31.93151964763881,-2.5577906855634702,-1.8585225743907592
2000-11-27,-41.33210488283342,32.03764601217758,-2.14477320806851,-3.5230734774134476
2000-11-28,-41.06366888116315,32.01208877862141,-2.0967901454649707,-2.916804334435639
2000-11-29,-41.059027795360755,31.946495244916743,-3.6603497567420433,-2.751833788498491
2000-11-30,-40.38820282808049,31.325835342509023,-2.8268717754599986,-4.23385019291879
2000-12-01,-41.73763373643853,29.981591345124833,-0.9400385842428278,-4.830788477674625
2000-12-02,-42.39613036779937,30.675080615272787,-1.448674356065256,-3.591738897987142
2000-12-03,-42.37675748599952,32.1657957081258,-1.7024163514349824,-3.045740729675494
2000-12-04,-42.20048684856347,32.63189477236731,-1.024839204032911,-2.907369228117636
2000-12-05,-39.84641627457262,32.89259037666145,-1.0290352638373441,-0.9003991235346636
2000-12-06,-39.622140450125634,33.08357455715521,0.45512190960241905,-0.9182376307561965
2000-12-07,-39.794811426199225,33.029038173930424,1.289793206136518,-0.7078641981795046
2000-12-08,-41.09325318106612,33.32800743754251,1.7546112864024934,2.0700993966544434
2000-12-09,-40.75640834802447,34.09587824770065,1.8367398747182984,3.688790590714367
2000-12-10,-40.89056869080213,34.50667283224375,2.1701576088207677,2.1847769893314615
2000-12-11,-40.092417755257806,34.24392569760076,3.9372121652322605,1.1412849722224192
2000-12-12,-41.742384644223634,36.6911536339909,2.909201648066227,1.7950636555814563
2000-12-13,-43.21599248026243,35.847255949744884,2.5496352846046606,1.7256142103168586
2000-12-14,-42.14820311964441,34.809661102671804,2.0797699670227487,1.5614536837717332
2000-12-15,-42.06373581564983,34.948070786877764,4.118118682706111,0.39028324473560705
2000-12-16,-41.828130827762294,33.20855324543856,4.849880458191172,-1.0310023492133082
2000-12-17,-43.26317869558502,31.730915756027684,5.674468993022642,1.3739390553746598
2000-12-18,-42.70324647558934,33.175082427492754,6.407762103634278,2.0627224329835325
2000-12-19,-43.24300469425477,32.574854934776894,6.267248651968833,0.12404055030043981
2000-12-20,-43.04090304735011,31.82773863440579,7.776211947698448,0.10621934893542237
2000-12-21,-43.29170706750018,32.73715053020651,8.027707437203418,0.32417684909053235
2000-12-22,-43.470394791657746,33.149490493268836,8.352932131456688,0.3205608125611809
2000-12-23,-43.35781667462666,32.310090203395184,8.335118830424546,-0.24948675602165332
2000-12-24,-42.423578650045805,31.4403417873369,7.145651152482554,-0.04349371413434669
2000-12-25,-43.59028273813738,30.20462175239371,6.042191621930619,0.49588613950903626
2000-12-26,-43.054021662632934,30.192481364523108,5.631981561850985,0.7234296441552709
2000-12-27,-43.576792077997936,30.115561324902124,6.6315774373027985,-0.019362921418034307
2000-12-28,-41.34870631573577,28.507563079778738,7.168089790732579,1.198419760506264
2000-12-29,-40.99786103963531,29.299998122634687,8.011074067759164,0.7399850678596174
2000-12-30,-40.76971827526885,29.51644332264575,6.542781114824367,1.2121439644772933
2000-12-31,-39.60757124746572,31.290676556022117,8.441101113883269,1.5149172746690995
2001-01-01,-40.314553245818814,32.36426338480879,7.918997915704752,1.0924885053935889
2001-01-02,-40.78849569132918,33.912246788785865,8.54189892069278,0.8435134869314973
2001-01-03,-40.670160793277994,32.663207694016165,8.968273883730614,1.5501874196601326
2001-01-04,-39.84619821570942,33.67439564866513,8.639160929651124,1.7149844233295104
2001-01-05,-39.61143387568346,32.211032886989244,7.151752559748823,2.5960534022089363
2001-01-06,-40.34866250147924,33.64804100554105,7.66648554693931,2.315305116140496
2001-01-07,-40.30783562489037,31.054858383370785,7.130171245243874,1.2537818517473374
2001-01-08,-41.38362514459799,31.044857553466716,7.832803158227403,2.466524491680208
2001-01-09,-41.69897757429795,30.825329437666934,7.762025751417145,1.9459004798464488
2001-01-10,-42.5241054578662,29.684417834509762,8.283784577068097,3.449011566155099
2001-01-11,-41.32160719680843,30.752943670444356,10.861506585963106,3.7485686209716476
2001-01-12,-39.87201178996459,31.482359883745985,10.626101867555633,4.008380060446671
2001-01-13,-38.478124084850656,30.193889184133216,11.920122868469795,4.524646598264821
2001-01-14,-38.73867510052225,29.615098589433952,13.263827621055558,3.314312158188275
2001-01-15,-38.737220906664184,29.40868081167515,12.76022291898427,2.8749454984901854
2001-01-16,-40.14367598732388,29.405269855613568,13.021745934214037,3.545879549480976
2001-01-17,-38.45762477140213,30.009740620138242,12.720232930485388,4.986130296958927
2001-01-18,-39.116191839732004,28.728134921833465,11.839136595483,6.415919563317313
2001-01-19,-38.88869132567837,28.59282936949574,11.800434068757177,6.508186064789901
2001-01-20,-39.03357189532766,27.301880967870026,12.66507234313471,8.203711904657087
2001-01-21,-38.920708240076216,24.076931294316797,13.226440127841842,7.121165373983825
2001-01-22,-39.28321697254977,23.770887341981737,14.113691389740856,7.903973017856062
2001-01-23,-38.67085338987977,24.219133713274925,16.114919865111435,7.791729584964431
2001-01-24,-39.676770395179645,22.42752819194832,15.63661548864589,8.379398175982189
2001-01-25,-40.9043313915133,22.57516056242367,15.238653827383912,7.908925179587737
2001-01-26,-41.43514148603899,22.647008578478726,13.442982175660806,7.234414457096827
2001-01-27,-42.25990896454062,22.996608059982464,14.023961559982743,7.943810752011006
2001-01-28,-43.02039459371862,22.910845529949537,15.521043686628255,9.118312066870061
2001-01-29,-44.21516403449172,22.85945537705591,16.343394351814574,9.529524294079847
2001-01-30,-44.241947560718216,21.756547489784104,15.544745536822049,10.477608046830344
2001-01-31,-44.36998835786425,21.69979352835011,15.808068567980573,11.712611373103499
2001-02-01,-43.35863975477591,22.891222864370718,16.808374214364424,11.90709459866141
2001-02-02,-44.93489746667758,23.091407920963892,15.134346171589979,11.806053308937857
2001-02-03,-43.47814963195868,23.864636831695226,16.29527530037349,11.942323468755724
2001-02-04,-42.912925726922666,24.448135829206326,17.25896441225761,11.664417369552993
2001-02-05,-41.066234058184136,25.45722923153296,17.3125184475849,11.942096131599063
2001-02-06,-40.68693344368392,25.877206246432873,18.41232863132445,11.893561711322622
2001-02-07,-40.8577667615946,26.20065082506375,18.808748522170337,13.365099018060242
2001-02-08,-40.837045873882694,25.80366104579439,17.53539592958342,13.674341348250103
2001-02-09,-40.66928581754238,24.728707926186033,19.243209758473803,12.771655110002055
2001-02-10,-40.07096004104052,26.309410262599858,20.00311513579556,11.876407838005198
2001-02-11,-39.023038608271854,25.416149078924317,20.342891262989557,10.468963719327842
2001-02-12,-39.02956731053993,25.672352907640708,20.578015953407213,11.001944478846278
2001-02-13,-39.90890033699096,26.079052121844903,20.687607574915052,10.850960204472555
2001-02-14,-40.25290939882406,25.992873320455438,18.843073037334133,9.817365807716282
2001-02-15,-40.33528714442102,28.266627316652066,19.611010870180348,8.614293625721269
2001-02-16,-42.27794596180619,27.943863838340835,21.18320523019916,10.539042447564848
2001-02-17,-42.85613718165693,26.385980297321158,21.661050807534895,10.38464013743146
2001-02-18,-42.00520248992688,26.07016279187483,22.208177309198707,9.303955048648865
2001-02-19,-42.92515736898232,26.045905115310813,20.285882044655807,8.182129875349155
2001-02-20,-41.920572252608956,25.884186217532488,20.930061510180234,6.611762769224893
2001-02-21,-43.00832697203763,26.852572635689487,20.65756544005458,6.369135680560251
2001-02-22,-43.02214887117157,26.410325872290006,18.828426138127018,8.009327968244024
2001-02-23,-41.77162241841769,27.649136617866642,20.38193973043608,7.929419381978692
2001-02-24,-41.28935443984831,26.858238542432147,21.707015026663843,5.833779852409432
2001-02-25,-40.35522194294662,27.000073192393334,21.253217634450444,5.275220038066983
2001-02-26,-39.828527614368724,27.244327004105628,21.0547789635926,5.3301144600702415
2001-02-27,-40.20461611847464,26.51996507987737,21.70537209834318,5.761364717315911
2001-02-28,-39.769011742671466,28.021299951855852,22.03878534021128,6.017081787890701
2001-03-01,-39.88202055261117,25.986943767482312,22.97995500430613,7.3214466516523045
2001-03-02,-40.12165057074045,25.922366460810252,22.488895252865422,7.8921303282795785
2001-03-03,-39.342714995710665,26.812502112160832,22.77372084457872,7.380762882557457
2001-03-04,-40.340366089803645,27.893243065578,21.872574682040952,7.00175352662744
2001-03-05,-41.10497444877483,28.6264310603236,20.582272498540654,7.560959826001905
2001-03-06,-41.11920104627308,29.407509987203774,21.505101791292493,8.173261012709123
2001-03-07,-40.81567887594203,31.723818842188354,22.711185344724747,7.963070720319962
2001-03-08,-40.80817329162692,32.94509299529464,22.281241058902822,6.685109158785346
2001-03-09,-39.3898545263999,32.30530518624767,21.376205313987644,5.994049905220197
2001-03-10,-39.034141079919976,32.55022539817718,21.665779102879384,7.104108881521966
2001-03-11,-37.53557766428425,32.7678197252649,22.230822479884303,6.053405354818879
2001-03-12,-38.098521790251894,33.055129862469826,22.831322280460565,6.9968164552020005
2001-03-13,-37.59078194901213,32.964481027048144,22.597510691294183,7.269533524180247
2001-03-14,-37.762596856821226,32.805748052925104,24.59082466930554,8.047666450284282
2001-03-15,-36.957931423276555,32.87048913401795,26.36767377460989,7.380588668490983
2001-03-16,-37.463063132249275,33.57548098546035,26.792004447875513,6.700964525229047
2001-03-17,-37.935795005932206,33.03811955991839,26.121077122107756,5.929629605964349
2001-03-18,-37.92731733306394,32.52769892574953,25.2023345259695,6.489535118141362
2001-03-19,-39.56418064472435,32.75433510242319,22.914817384992556,6.36764280127564
2001-03-20,-38.915458988614844,33.64868007052339,22.7311267390836,6.201462374292233
2001-03-21,-39.03099828004241,33.86489218691068,22.34388799625066,4.942095282863651
2001-03-22,-39.2413042045432,34.95008850466153,23.524829793962954,6.35161280883753
2001-03-23,-37.74957609441217,34.90059819966978,22.45260344094174,7.879710764817538
2001-03-24,-37.43846897103528,32.65277473042125,22.453634547471726,10.35422392272381
2001-03-25,-38.464645577896825,33.09451463725727,22.791674883472734,8.717696852385734
2001-03-26,-36.74355867122362,32.15107155840646,22.42531928909805,9.89381116468127
2001-03-27,-34.31202721967801,32.85595267485412,22.681924741148094,12.788212782612302
2001-03-28,-34.66267780007911,34.27431643479239,22.185708606195156,11.839594297566588
2001-03-29,-35.46300039905391,34.00554924660125,22.7070892051166,12.217407445856873
2001-03-30,-35.34354490791367,35.36941335724319,22.126141767362988,12.293792737090342
2001-03-31,-36.210698429867264,35.74508810874121,22.63451828895261,12.869888675073007
2001-04-01,-35.36708717377623,35.20517716080859,21.368351784128315,13.980275079515435
2001-04-02,-34.28415907511487,34.051249446751676,20.92579045707364,14.178994188448513
2001-04-03,-33.89911731653837,33.52892019663429,21.34006520448257,14.574649218474505
2001-04-04,-33.89293423018819,32.48887614302876,19.771636005248965,15.404659165958853
2001-04-05,-32.46481831230395,31.644888284319304,20.610555993722116,14.608511792406235
2001-04-06,-32.79363612515327,32.60546417544512,18.422935946386893,15.871032456185006
2001-04-07,-30.90479322906432,33.399888954476374,18.307746127702135,15.898232570764057
2001-04-08,-32.37041236541612,33.650202006254354,17.35912418329641,16.89346677411797
2001-04-09,-32.27053550457843,33.24650725110534,15.338822116912855,16.67834012997869
2001-04-10,-31.579104212535224,31.833783385071754,16.041395579472812,17.643621386650707
2001-04-11,-31.61331341400001,30.86594935425285,15.751328766104475,17.495982397211545
2001-04-12,-31.956104345393648,30.16674669883752,15.004329243669826,18.334049974554045
2001-04-13,-31.93646883664961,30.495059286110514,16.109335143964902,17.63433829445289
2001-04-14,-32.30160306791657,30.612917803423073,16.128358382933463,18.350226503519856
2001-04-15,-31.416334966898813,31.25916897206752,16.63454088486702,18.235841504776722
2001-04-16,-30.643297681490274,29.381934457585217,17.278145775324532,19.20765218174375
2001-04-17,-31.043200775907025,29.140367888674714,15.706935761534615,18.84026676760178
2001-04-18,-30.53412573623651,28.00979845480173,16.42244892098666,18.51095884548539
2001-04-19,-29.60098361052857,28.64677846842369,15.216807543381538,18.399244392425597
2001-04-20,-29.41037248952234,28.05835149251471,16.129206264482484,19.097633875329976
2001-04-21,-29.236320086519754,27.296770173288223,15.183797006566335,19.689417152003067
2001-04-22,-27.805492229406905,29.882121348111145,14.495683998290591,21.583580603948374
2001-04-23,-26.66039194114664,29.405647435690526,13.429915256741292,23.481665705669116
2001-04-24,-27.408758743237573,29.512180646242154,14.131842205844212,23.30391553151386
2001-04-25,-27.29679651185788,28.724489646796517,14.184849607786756,22.360705161332216
2001-04-26,-27.199352330463235,27.963706299502046,12.937423360496567,21.593392152490157
2001-04-27,-26.309349504344638,29.268549654930222,12.741273261206375,19.95898691272617
2001-04-28,-26.25418750684723,31.534451507159034,14.277590094138604,20.33453372729252
2001-04-29,-26.740755318025347,32.53568864251148,12.53161506527072,20.601690237655916
2001-04-30,-28.303534321182518,33.67085832725659,11.611913205590694,21.304503696828515
2001-05-01,-28.659866483344295,34.08515959471244,11.646975866667526,23.07533364570063
2001-05-02,-29.177949605568983,34.838001644256885,10.940509271024496,20.582329633401216
2001-05-03,-30.613254948947016,33.446651143669726,10.403039293234574,20.047427161828413
2001-05-04,-29.89489125142307,34.35996519316622,12.69972919554487,20.255173609917964
2001-05-05,-28.059620666788092,32.748935984757544,11.842510396237707,20.12548500238277
2001-05-06,-28.23288963744219,34.72786205260243,11.805592629563158,20.476185577059624
2001-05-07,-27.927605451327313,33.34681629711967,12.034402874636546,21.088816538593253
2001-05-08,-27.56286466556764,32.428900378102824,12.43321299605515,21.71888653640388
2001-05-09,-26.94132164150028,32.004131239347124,11.582363085122683,20.782072350078018
2001-05-10,-27.893637561776114,31.808264843359556,8.865061582964426,20.11335662994488
2001-05-11,-26.715083486744646,31.781981560777258,10.505513466491932,19.86365780248519
2001-05-12,-27.011787084466736,32.02203095976615,10.957982135651203,19.885941591707148
2001-05-13,-27.431839082735838,30.28344918458635,10.373866812001392,19.591673650072174
2001-05-14,-27.23632617273372,28.04950509192113,9.94829547070869,19.838604187232807
2001-05-15,-26.116767408702646,28.11686982359163,9.980456795477904,18.728532081551798
2001-05-16,-27.300654120586575,28.406482602093387,10.603516779707876,18.736289611363823
2001-05-17,-27.62030538005232,29.168862774092393,9.811294211888722,20.632167534926133
2001-05-18,-25.91462910889628,29.893858721505932,6.228825697073429,20.386848894869036
2001-05-19,-25.5936902842508,30.92754793395189,4.627791365522869,21.733663734614314
2001-05-20,-25.51656014197099,30.735027345735,5.065762725802242,20.387235053333484
2001-05-21,-25.216385403575362,30.383266478981504,5.436640294862544,19.85069224020772
2001-05-22,-24.280658343575404,29.882568888416852,6.626439904220714,21.014684527253443
2001-05-23,-23.836354530551873,30.055579864587255,6.320668592534964,21.500165266883695
2001-05-24,-24.077781721249522,29.399975580357154,5.162969707814661,19.449127263049967
2001-05-25,-23.234796051826837,29.75319577175683,4.611984229312208,18.56242612812672
2001-05-26,-23.824851745328292,29.53987993030436,3.4215350160224443,17.251944263355902
2001-05-27,-23.867959485499288,30.52193314570321,1.8063861794916851,17.72742845161942
2001-05-28,-23.557751174890814,32.36744468348624,0.9513812309384609,17.681868074742614
2001-05-29,-24.18984404695258,31.902579310506773,1.4784066612338762,16.54725271961533
2001-05-30,-24.225260181468116,31.104048042904417,1.3611390164396586,17.61887432704651
2001-05-31,-23.531190069887685,29.978442729108586,0.7113665895942447,17.287122954444172
2001-06-01,-25.201724483135493,29.18250666573166,1.0042842987760663,18.012117686761183
2001-06-02,-24.675017399875948,29.618866266079618,-0.8216006653497498,17.465450763351484
2001-06-03,-26.62043627931663,30.09391999540295,-1.9061793169464192,17.000106119179343
2001-06-04,-25.40837847538811,30.063547205950613,-3.6510492029717403,16.576153229213823
2001-06-05,-24.431571843224077,29.851088119514813,-0.9868276713818513,16.259517493804694
2001-06-06,-23.893123242138383,28.863543300651656,-1.3526758218717438,15.343048752756827
2001-06-07,-23.685179285725546,28.98739845033913,-0.9927884851443164,15.724296416128341
2001-06-08,-24.038208489804912,28.76201498176582,-1.8623297914224628,17.13556021950997
2001-06-09,-25.20300789528955,29.50510866312328,0.1570395451580524,16.298885143212686
2001-06-10,-26.802767876798008,28.935485104644382,0.8043182267748362,15.791590812799447
2001-06-11,-26.289658750239877,28.175878018475252,0.8988491369887983,13.939898543162759
2001-06-12,-26.820532825274217,27.791384623345614,0.6382008058738986,14.062994478421512
2001-06-13,-26.136625365485095,27.119299683375093,-0.3865118089801658,16.67554523094582
2001-06-14,-26.157259595364,27.92025691446231,-0.3027190955852802,15.606173477462216
2001-06-15,-27.12393163106798,29.300383735037222,-0.05703819233189206,15.350702101904405
2001-06-16,-27.82053789213938,29.16747533300688,0.6660866827576466,14.025139286528223
2001-06-17,-27.180316907622043,26.535733188778828,-0.7112463769242376,13.664814181641061
2001-06-18,-28.237362650518342,26.292876410892536,0.3746936353573811,14.17150980335761
2001-06-19,-27.95525738932394,25.713861707718486,0.8523113372788367,14.784426336160196
2001-06-20,-29.75682879272303,25.43501139945707,1.422036212474218,13.476187038544092
2001-06-21,-30.951170654910925,25.468322805394532,2.9778484533677076,13.469860963228276
2001-06-22,-30.538275206924354,24.695713946629432,3.3682810958248615,13.017608269496133
2001-06-23,-30.46384261205703,24.799950854355153,2.729984437363933,12.692648874864657
2001-06-24,-31.067317724332202,23.430045428888384,4.624736307761306,12.401737960230367
2001-06-25,-31.496556629012954,23.28974271994679,3.601146024773306,12.749712190959762
2001-06-26,-31.909009182297996,24.231810342841595,5.030728080797798,12.830233430512068
2001-06-27,-30.395527917232734,24.13495429020231,6.010935183314683,11.123753588835548
2001-06-28,-31.731782780457998,24.063298973020135,4.9113653390823435,11.212711828141106
2001-06-29,-31.324009695726865,25.245486154895197,4.519287635158452,12.424168036650245
2001-06-30,-32.05983788826547,24.38576192571487,2.5995818821664907,11.94121376610918
2001-07-01,-31.906854071750303,24.46142427220563,3.423462385084626,11.196656256325824
2001-07-02,-33.00717828598193,25.32581113824383,1.1171877260007297,10.166709753730132
2001-07-03,-32.40028126394249,24.659065105238966,1.7531468525568674,11.09146459151945
2001-07-04,-34.70511674112102,24.73607593582704,1.9715909446866065,10.565872778672238
2001-07-05,-35.941551158601875,24.928423666557414,2.002637674082713,9.135510765006792
2001-07-06,-36.460786909205176,27.114260135634368,0.9089768390341368,9.699154319232683
2001-07-07,-36.623563868674026,27.0902283651557,1.9716833993725658,7.971063981931621
2001-07-08,-36.21183782913808,26.085270569828506,0.5924977891465095,8.43639658907205
2001-07-09,-35.90819910591748,26.102403932475006,1.3336274830393378,9.679005916333756
2001-07-10,-36.478278653449756,26.08313373568108,0.9023121366918352,9.624104170452538
2001-07-11,-35.36729671323314,26.120052234668325,1.9834461066966007,9.038951747500201
2001-07-12,-36.596975908942866,25.166894074298177,0.7118982818481197,9.17375315283846
2001-07-13,-36.47016129223536,25.18331958374272,-1.7101485325675343,9.579606061871418
2001-07-14,-37.01074122433473,24.609225160802684,-2.3039609413192785,9.684508284624627
2001-07-15,-35.71793536812151,24.31530173887965,-4.045351514709422,9.828222062229017
2001-07-16,-35.522526862732775,22.72826516271767,-3.7774429603852777,9.688154751073638
2001-07-17,-36.61670942890899,22.452755385939618,-3.5065448178401804,9.676598753491163
2001-07-18,-37.52569223663099,22.23288268521333,-3.2496782725941165,10.391678267967285
2001-07-19,-36.64529964050157,22.44817710773499,-3.3464936942733554,10.997022187624406
2001-07-20,-36.89976259677363,21.507927417911205,-3.1525739898214282,11.152025220120139
2001-07-21,-35.62469369401549,20.22263145394054,-0.9860613158840263,10.678120510622058
2001-07-22,-34.579383357828185,18.759014677484714,-1.8363795396815694,10.087041717806756
2001-07-23,-34.010025400735294,17.854726809350645,-2.140950245289681,9.056450271701356
2001-07-24,-33.52010385717771,18.371067448845935,-1.503625181667863,8.847646795649087
2001-07-25,-32.83257122453874,18.845324692438396,-1.4961450630177227,10.166040836727374
2001-07-26,-32.53522789478143,21.24402664271878,-0.8878418960566209,10.224122089066507
2001-07-27,-34.03221259454603,22.177047449244977,-1.4288797095937902,11.064387181380592
2001-07-28,-32.36088316662955,21.136053977573876,-0.798862896190519,10.023606086195034
2001-07-29,-31.971531735373237,20.002993107443107,-0.4292880984067664,10.325132641775369
2001-07-30,-33.49851530396686,18.248875935466074,-0.39891049097077874,10.151660619998598
2001-07-31,-33.92156608934804,17.514732171438958,0.7034457090322712,9.500821936718737
2001-08-01,-33.6690074499569,17.851675976300754,0.5177591665742929,9.08691005800606
2001-08-02,-32.009698638241645,18.29657864175867,-1.2034216638120123,9.071388431469591
2001-08-03,-30.43083112030196,18.58968179452866,-0.2980524539513679,7.913465284317899
2001-08-04,-28.355534244674192,18.740538104545255,-1.6466575529738354,8.699447793146952
2001-08-05,-27.176818038194845,18.72122057928246,-1.7559788885689913,8.475777676384444
2001-08-06,-26.623722944997116,19.183968046629712,-2.7052782168235954,10.915768593133345
2001-08-07,-25.80620544690484,19.43356565730275,-2.9476953402778476,9.858396875482478
2001-08-08,-24.536884979198213,19.15117415806481,-2.122917227489654,8.781966851007452
2001-08-09,-24.228391607657862,20.644044596125173,-0.5066407361246732,8.387952802062015
2001-08-10,-24.97568326078526,19.744815196366847,-0.9200791448948933,9.969585288483676
2001-08-11,-25.160647071722003,19.39066399007635,-3.014060486325171,9.397418123854152
2001-08-12,-24.749752954706917,19.40212671091136,-2.0311226283579167,7.972191808577341
2001-08-13,-23.917825629203783,19.571365009740948,-2.524263903200436,8.415157056707034
2001-08-14,-23.672657591899902,20.166634814535854,-2.0709254906437753,9.642872547960966
2001-08-15,-24.883305301023526,18.9582042671166,-1.572770289030644,9.97038873507753
2001-08-16,-24.186575539486018,17.677745397813492,-0.463548110047729,9.869626866674736
2001-08-17,-25.353509192472167,17.141364146712757,0.5994967108128957,9.118252464434397
2001-08-18,-24.23652510046766,15.600345802573926,-0.08658272259043875,10.42681005295215
2001-08-19,-25.211421134665905,14.67087283715922,0.2553679091739009,10.354400649318135
2001-08-20,-22.350325250742937,14.511408599644227,0.9005709646169204,10.6780415993853
2001-08-21,-22.517518395857827,13.950420641516306,1.7312652493485057,11.545508509903664
2001-08-22,-21.738453006906518,13.328802756164018,2.6430081614909153,10.94411168590051
2001-08-23,-21.905210061857467,13.491213652040058,2.3692130281761683,10.738697640958424
2001-08-24,-23.490678802747375,12.21165152739915,1.046280576942485,10.575419416645667
2001-08-25,-25.538796982840175,12.76933243732386,-0.28238576884717537,10.492459719920975
2001-08-26,-26.3873813683861,10.89396633965139,0.7155200430595746,10.143053236199519
2001-08-27,-25.898980799901448,11.591225922459016,0.9530476227293461,9.404292855446075
2001-08-28,-26.73123799767812,11.735059836645737,1.323975224271332,8.729028512022207
2001-08-29,-27.477757918702217,10.515159314780814,1.672800580677951,9.292186615563196
2001-08-30,-25.80224317039748,10.506184972752031,2.476832196657575,8.299856477617638
2001-08-31,-24.32150481995397,10.066473142065032,2.102228446790578,7.856754249858178
2001-09-01,-25.22653590093851,9.910690750710799,-0.1373963963855518,7.947409977867668
2001-09-02,-24.965311319351994,8.31355985986821,0.639770069539394,8.37707343604434
2001-09-03,-24.577424470506003,8.496271065579144,-0.8809073212206211,7.674264908995506
2001-09-04,-25.457807285592114,9.49953918965484,0.26467140417398527,6.671742830380527
2001-09-05,-25.216854850647774,9.036188943577079,-0.14391988608679612,5.763020787560946
2001-09-06,-25.126586762568145,8.759569300485216,1.138530191932423,5.344747320045819
2001-09-07,-27.676521943304817,10.085601577140935,0.6351026834290806,3.315202135199765
2001-09-08,-27.613297761805573,10.747272953240186,0.867949086823352,3.284737165423457
2001-09-09,-27.387183899673964,10.418281769599515,1.9123910775417232,2.3867580847838
2001-09-10,-26.81249747273797,11.02454779355672,1.1172973744085684,1.2691879682855347
2001-09-11,-26.543981787732978,11.084886101484354,1.153109963886426,3.241669831917726
2001-09-12,-28.5181684722219,10.985660834125113,2.4985611835735715,4.881706827921143
2001-09-13,-28.469486131639993,8.819702076232968,0.265858030656303,4.50435012322522
2001-09-14,-28.829332781023627,7.634590935363933,0.7125090964212777,3.5568130640715654
2001-09-15,-28.24141394864463,9.682609167472911,-0.030939042969406416,3.2439818589031906
2001-09-16,-29.338412824557206,10.847178765934602,0.12205507545371103,2.0231445478870143
2001-09-17,-29.861488977899885,7.249598602337514,0.037765412357062836,2.4216108752841325
2001-09-18,-29.824573722183235,4.679798237065448,0.13639006200083711,1.0070078324270748
2001-09-19,-31.051109061288486,2.782301608827087,-1.6285272092243868,1.620218417145121
2001-09-20,-31.687074922888566,4.215050334405608,-1.618652875029301,1.3527190857766902
2001-09-21,-32.20752804222937,4.831057163200984,-0.8022833158921684,0.34379894822239243
2001-09-22,-30.65216828223106,4.270172394110359,-1.83967783087625,0.7597225350794582
2001-09-23,-33.36253115551363,4.784638474642479,-1.9967746246809703,1.1156659319562494
2001-09-24,-33.99301824182894,5.082169784852116,-2.4835103635191946,0.947543416446666
2001-09-25,-32.39594505888712,6.37498333519239,-2.334450057217614,-0.9179046649897372
2001-09-26,-32.075256713181545,7.092541380647276,-3.838926897128522,-1.1341131240650935
2001-09-27,-30.636671514555296,6.527543177779528,-2.9505704301316142,0.3940068026484105
2001-09-28,-32.20690626753984,6.463770426248273,-3.5273345757355874,0.49684265585974857
2001-09-29,-33.63054812380321,4.745731642043161,-2.606396511317416,1.705741704016865
2001-09-30,-33.640239005870264,5.866754336899573,-3.040710532741233,0.43013011308075266
2001-10-01,-33.3041473292286,5.963244815776435,-2.2300335829061018,-0.429743794666247
2001-10-02,-33.291301822367764,2.801140093800974,-0.4028953169385079,-1.7282219503849117
2001-10-03,-34.34139795740046,3.415463213576808,0.004929934612853737,-0.9665451763666945
2001-10-04,-34.43415600910181,2.835131627554257,-0.5175752485637267,-0.7360250229539291
2001-10-05,-34.80050292499739,1.3601564890983373,-1.260714712746657,-0.14712072969591117
2001-10-06,-35.27497111625353,1.0565480360105464,-1.8590310381515234,0.5758619416734314
2001-10-07,-36.38060356959196,1.3431943728551845,-1.852876430674836,1.9997137830183958
2001-10-08,-35.66321255486768,1.254462853716631,-1.7253192491580256,0.8832943100541994
2001-10-09,-36.44946339551124,-0.06290422405686047,-1.4520257778907357,1.6567119827044898
2001-10-10,-36.40721037290059,0.8420013046910678,-1.1011992373512454,1.2766540662979797
2001-10-11,-37.244222181971885,3.5134832754602723,-2.0193911624280734,0.441354640787208
2001-10-12,-37.93912168405071,4.278174940570515,-3.1702451815434642,1.2893480364599703
2001-10-13,-38.286449985787826,4.979191615002577,-2.85394539042977,2.3853109467920013
2001-10-14,-37.43206744216053,5.131418687666878,-3.5008707665687337,3.0172905281922535
2001-10-15,-39.13989565060691,4.2112272166341995,-3.558086502036137,2.835162012475497
2001-10-16,-40.54418996106361,2.3129723017456705,-3.3202407304069705,1.7597213799533298
2001-10-17,-39.789842518146834,3.2999143474820682,-3.578585811058566,1.7712908451133158
2001-10-18,-38.11610759563329,1.8103048563877298,-3.20745375920935,1.9187107881207777
2001-10-19,-37.080500341744084,1.3925035354423212,-2.5100884236361827,2.622457331094444
2001-10-20,-37.35110715623742,2.2021358025100093,-3.807103035197365,1.3364899177990974
2001-10-21,-37.672492863989824,2.8755393070823083,-2.414101452291859,2.0217350494708697
2001-10-22,-37.00690147576919,4.156717164158201,-2.531743197932255,1.3998199468619157
2001-10-23,-37.42451122563253,5.292717652833774,-1.928125506811397,-0.00963040896354328
2001-10-24,-39.67248796540743,5.210499608910974,-1.9861212045738155,-0.7486566158948875
2001-10-25,-41.18724613431175,7.382512124058678,-2.4243940023970536,-1.7080052165314088
2001-10-26,-41.51940597770431,7.172078669995843,-2.8389656166082067,-0.8326130123048519
2001-10-27,-39.54390758856073,7.422506884162743,-2.1933608503078226,-2.952536105236831
2001-10-28,-40.47446268511138,7.26434737128804,-1.5190509277635786,-4.565589418365743
2001-10-29,-38.472040162735865,7.210107067691918,-1.3974484364563309,-2.569077740986721
2001-10-30,-39.28191342967036,7.5932278260504456,-1.7498161444629592,-1.618726359068598
2001-10-31,-39.00454049857223,6.765247138889844,-2.0868260839325905,-1.2143682216232712
2001-11-01,-40.27213143015605,8.905472977526104,-1.3356163865825328,-0.7558332016839642
2001-11-02,-39.79104984562312,9.189821305912044,-0.55658554478233,-1.4527524343291875
2001-11-03,-40.8433024599575,10.41650178977157,0.4553753221020962,-0.08986604593617353
2001-11-04,-40.817445636319825,10.006486296169529,-0.06082338839288037,2.177143994357982
2001-11-05,-41.99009144975973,9.459028980741735,3.9419716828008795,3.449377248234229
2001-11-06,-41.978038073802395,10.40033710114897,1.9058418976078535,3.441588390768013
2001-11-07,-42.50594193539913,11.138416754104897,1.1019551817072428,1.4270476321274312
2001-11-08,-40.241074728056155,9.265688040834899,1.0994305034484462,1.7899946995664058
2001-11-09,-39.25255140912493,8.550448825574199,2.170921528079335,1.7349467151709592
2001-11-10,-37.67306986012912,9.112189235841374,1.7703939810924036,1.9280034513146003
2001-11-11,-38.49435967031725,9.25296175926267,2.201378968963892,2.221398116631575
2001-11-12,-39.7522446116514,8.610361031481986,0.06156383471573745,1.8156124448025435
2001-11-13,-40.05325900759771,7.785648030346563,-0.12386458238281478,2.584092945262904
2001-11-14,-40.08650843661296,7.303703973603536,-0.11751561279661907,3.3876903278608452
2001-11-15,-38.55901054913571,7.519135757566291,0.2902585891957937,3.8995583904602276
2001-11-16,-40.11957775153505,7.283836984757352,1.2860473595950461,3.1037371727424166
2001-11-17,-40.334497237798836,7.3571728251849615,0.5658599296572164,4.093762806025996
2001-11-18,-40.613503211273596,7.144280224020493,1.7089744480981888,4.768711778588202
2001-11-19,-39.66486389745142,6.158402972465613,1.2270330651272243,4.899523935333141
2001-11-20,-41.39351661842644,7.078123443144479,1.4618177450656638,5.172161562190319
2001-11-21,-38.5251588867022,7.531001899931295,1.0407809455952994,3.040408642258588
2001-11-22,-38.49584306142572,9.491253991365053,1.5432121145122497,2.0442079895620444
2001-11-23,-39.44699567518221,9.082125015016903,2.0800998059526163,2.076684602998786
2001-11-24,-37.70981859813757,8.909601694422504,2.660469490687823,0.8313696034342763
2001-11-25,-37.45998384807929,9.013891075603626,2.3606890088268884,1.7203246895431734
2001-11-26,-37.34468303917245,9.738315059979458,2.0886819696126673,2.1323181250456438
2001-11-27,-37.55554776061624,9.905450359126576,2.5475133655102034,0.7298366187671794
2001-11-28,-37.73077515851953,10.243716967531709,1.0885744638838855,2.0936325382784204
2001-11-29,-37.185294501012756,10.591278402917165,1.591961402545275,3.52224589428924
2001-11-30,-38.473251638038704,10.381840578150827,1.8602038143369366,2.8788073533507834
2001-12-01,-38.739486468208256,10.374980040787246,1.6834726075480446,3.8685068219498877
2001-12-02,-40.17632772233249,10.898087273793065,1.8313876657679518,4.139571647643127
2001-12-03,-39.897187916866365,11.514608959112428,-0.08792125468192791,3.1592914494987974
2001-12-04,-41.234131457146475,12.061152680709617,0.9060519586161933,2.624201589501348
2001-12-05,-42.063017984491104,10.357067942238197,0.4556085491577033,4.305376915792524
2001-12-06,-43.17614008971857,10.157156916662963,0.5110132164745372,3.6989711699897025
2001-12-07,-43.65975910925498,10.803987816683607,-0.0034815673925172597,3.509129049102026
2001-12-08,-42.07553789289814,11.975062123545536,-1.606958657167285,2.307027684643031
2001-12-09,-42.37101472076084,13.786718705571401,-3.1125097490477165,1.8940487906077808
2001-12-10,-41.77908073725504,15.219136824509068,-3.3482433823605127,2.5308526841808106
2001-12-11,-40.344810937940956,13.99233746910469,-3.202055453220361,1.6116480075843977
2001-12-12,-39.53304833518987,14.609984894133861,-3.035114670429452,0.9573513944310307
2001-12-13,-39.71155764434536,15.260698747215134,-1.3093912258996878,1.1524769612306862
2001-12-14,-40.67657625137928,16.528698827818392,-1.2524959402642648,1.6434814832980957
2001-12-15,-39.5688954508372,16.435863221748384,-0.7040983333186662,1.7323801367225742
2001-12-16,-40.92517368640424,15.417394797917952,0.7429740230072993,1.5289248864336613
2001-12-17,-41.64064521500275,15.627280812228898,1.0586140413500376,0.9675911034535593
2001-12-18,-41.29541537635391,15.325979928769463,2.3308237368793954,1.391777989039867
2001-12-19,-42.14347973002933,15.172119937976436,2.1127577378497575,2.146977738876395
2001-12-20,-41.46475937662279,17.00039357034953,4.4449382862439455,0.6734805810355793
2001-12-21,-40.312442093887185,15.837870900635135,4.251911116657071,-1.038942554778475
2001-12-22,-41.583760991967374,15.993219264859738,2.6423240850460767,-1.801954460381213
2001-12-23,-43.28260515466668,17.1379122237449,3.5424946501044325,-2.493432594513036
2001-12-24,-42.14342526614945,16.289799797966058,2.7180793207202045,-2.267782123619477
2001-12-25,-42.72039734440878,14.463160721226123,4.426592688060781,-2.8318284895504435
2001-12-26,-42.16710040580426,14.256460560820907,3.439429776908879,-2.9909089398488558
2001-12-27,-43.44888598275877,13.252002808408314,2.55252562564327,-3.8377137318633263
2001-12-28,-42.650881560346036,13.37083001167508,0.9906417739814797,-4.184578138983792
2001-12-29,-43.72249836819963,13.743656354426596,1.6900189044735208,-4.896191536266787
2001-12-30,-43.28077191203839,14.669350464066339,2.562932999652001,-6.196848478181714
2001-12-31,-43.60667387708598,15.013448436756264,5.608101894162769,-7.084922031124501
2002-01-01,-44.272427615358495,13.12424667537299,5.542020009301268,-5.174285625019848
2002-01-02,-42.73978613552058,13.509541659834582,5.010536017848127,-5.79508329251332
2002-01-03,-41.668411860899255,12.496329988095956,4.739167500758153,-5.706137029516526
2002-01-04,-42.498277871068204,12.139541104719404,5.422944731301129,-5.8443568177083245
2002-01-05,-41.38016452998351,13.313599381260989,5.455954369464524,-5.383843884160023
2002-01-06,-43.33355749755312,12.336602232541866,6.780243065255636,-5.7702568925191855
2002-01-07,-44.337344870724785,11.617495101612812,7.157943273840306,-6.696670841933749
2002-01-08,-44.008246378142566,10.238697547938836,8.628093436830449,-7.279385066892241
2002-01-09,-44.082211769127795,9.149023284785857,8.299134300590959,-7.731505933624664
2002-01-10,-42.48964216012246,9.01858197864846,8.611785929858492,-7.232605876545948
2002-01-11,-40.7199654907412,8.466588089949694,7.225594553949205,-7.632132635262856
2002-01-12,-41.87632102728812,8.61865684350168,8.720672395969123,-9.092211202320515
2002-01-13,-42.24216525813521,7.950708867687449,9.76731349707543,-11.26000604012797
2002-01-14,-42.70511564740338,8.273610386460348,10.190059672828259,-10.597830039968114
2002-01-15,-40.9635274684338,8.568683823882287,9.13194497106832,-11.041884603667038
2002-01-16,-40.532040317272234,7.506830122007638,7.714411179475055,-10.90216224501887
2002-01-17,-40.119232837984605,7.845716850846938,6.922795419849511,-11.799177369168905
2002-01-18,-40.26844057302302,8.232731103672785,5.6787184655985525,-10.84792671267378
2002-01-19,-41.44701262517071,6.560770110410394,6.229062641118498,-9.621404895182398
2002-01-20,-40.755562756427594,6.762173664749427,6.189318167414107,-8.858329177403148
2002-01-21,-40.617629398811445,7.302924453605334,7.29101918900532,-9.487871866866573
2002-01-22,-40.027144299571674,6.9740164820009785,6.374471632721918,-10.089372899922706
2002-01-23,-40.16815580194312,7.792033616404349,6.195577726993605,-10.671576980818713
2002-01-24,-40.93097807850336,7.800019691394485,7.617132023849294,-11.550328824042396
2002-01-25,-40.49991851810777,7.547734355306241,7.245094096005403,-12.89219192179579
2002-01-26,-39.068964273287484,5.658428758375965,6.871613166347681,-13.35785529755072
2002-01-27,-39.0432658216917,6.263844617606741,6.266168264282502,-14.311924012273789
2002-01-28,-39.26832279589267,6.776137504125295,7.622651396530915,-12.805945041418482
2002-01-29,-38.33874335401924,6.658891866198077,7.445954237018998,-13.67153868120909
2002-01-30,-36.77549575114944,6.603509561221265,8.255478332352864,-12.57638186572759
2002-01-31,-37.23617333320605,5.987440393145441,7.546244551652933,-12.987337297066901
2002-02-01,-38.19983333824358,7.168269018248705,6.79179211059477,-11.755816148144207
2002-02-02,-38.32046813483039,6.309734862730282,7.878011159138838,-12.402274593139634
2002-02-03,-38.598148735757746,6.295108281423874,8.463011206145302,-11.772326144596153
2002-02-04,-37.64626180673746,6.167848495029969,8.358953998921134,-11.110454048013423
2002-02-05,-36.774387203584915,5.509303015575926,6.553969464621537,-9.84499112923432
2002-02-06,-36.81447762096112,5.941940975354565,7.481836749250846,-9.121213543217344
2002-02-07,-38.00106255798756,7.9267923110046,6.446066378282398,-7.9734961684244645
2002-02-08,-37.4147368718841,8.198074261233877,6.253641031439322,-8.45504170655054
2002-02-09,-35.98106751356084,9.204157132866888,6.5092765410696005,-9.965543634978886
2002-02-10,-33.75943509336867,9.664889041098712,5.455880415116223,-9.75788826764145
2002-02-11,-32.726126792862004,10.722628931620136,6.965995093633843,-9.749004951250306
2002-02-12,-34.50473000297635,11.548817553699442,6.3526233268066035,-9.496723757576893
2002-02-13,-35.08906251704261,12.006932779349404,4.840685962003123,-10.279867766004239
2002-02-14,-35.14643785542595,11.878461232257782,4.827080445407135,-10.060779278295415
2002-02-15,-35.054366732827454,10.351283984589216,4.560697046628441,-10.315462941055719
2002-02-16,-35.97890155501203,13.951897744010871,5.1542257283982,-10.692722057765778
2002-02-17,-37.0222161152339,14.385221625286363,5.779607511882048,-9.877806303163737
2002-02-18,-36.92360937343349,15.48785731849961,5.988422252239013,-8.395784327111661
2002-02-19,-37.60655192327203,15.47542318767736,3.919608410747049,-8.243068262565787
2002-02-20,-37.31269018104524,16.47188078207146,4.783278000313993,-8.816986198426836
2002-02-21,-36.98223982287574,17.273849811704665,5.624527607794527,-10.84465759548134
2002-02-22,-35.15527657052583,15.488114421304662,4.51426633566906,-10.130165455087747
2002-02-23,-34.39039143313126,14.877875068854937,2.264939873105437,-11.08499018228539
2002-02-24,-35.48865597697794,13.866404700731776,0.9850619134531207,-10.57007739867858
2002-02-25,-35.99730908507719,14.07306432394108,0.5626187617010663,-10.128503415674002
2002-02-26,-35.00034092501096,12.831689135975013,2.5953559626104505,-9.040858770224306
2002-02-27,-35.57367528702934,11.323519733398879,0.42711226827835125,-10.308966533257545
2002-02-28,-37.06715899671421,13.069726285262592,0.5048698416616618,-9.39830672677426
2002-03-01,-36.264553721867145,13.054662114241067,0.08587436000817711,-8.727234300193476
2002-03-02,-34.7644660926932,13.231045765468242,-0.8246930898038101,-9.195094478326052
2002-03-03,-34.063878549214564,13.003103936452183,-1.1263272516650142,-10.023614831675173
2002-03-04,-34.127378738741754,13.340360924234766,-1.231189744438758,-11.402108931659791
2002-03-05,-34.146746400413825,12.844934282309158,-0.436187480953949,-11.193367239584601
2002-03-06,-34.03375897545711,13.20875092271797,-1.074218740977424,-12.257304276604783
2002-03-07,-33.898324497743005,14.776658714599154,-0.7320296813190752,-11.132850882161787
2002-03-08,-34.89264676403732,14.62704632299666,-2.120956193270328,-11.249220933511818
2002-03-09,-35.13152896063117,11.720942453068094,-2.0065838757039955,-12.987301927111933
2002-03-10,-35.76791011185238,11.723167222432942,-0.9529091550532267,-11.795318722035352
2002-03-11,-35.386261228901745,11.728201369646191,-1.2578279507775838,-11.931578016852027
2002-03-12,-35.16664583710544,12.305436422382456,-2.174534561678345,-11.837597069175366
2002-03-13,-35.39126581598384,11.833055384654136,-3.695389122752454,-11.973162947063196
2002-03-14,-35.09232062406599,12.419492205179298,-4.019945255008489,-11.723803372721742
2002-03-15,-35.96653955447469,12.489056677632691,-3.9122789435166334,-12.576667448453579
2002-03-16,-37.218492589340755,11.866089169083793,-4.5321300853312305,-11.448841473852756
2002-03-17,-38.374427659469816,12.742654225112405,-4.667048566816211,-11.274338999086611
2002-03-18,-39.41486980552797,13.203216308668802,-5.306682854914342,-9.817410076327167
2002-03-19,-39.41775452574102,13.634650137337244,-5.18821858866921,-8.458429341017833
2002-03-20,-41.57044393514462,13.790225535403993,-5.031860838108922,-6.8360680384314625
2002-03-21,-42.12806271009302,14.24796189989354,-4.303117994139914,-6.6276144522482605
2002-03-22,-43.24156830258375,12.871781439522184,-3.9045366194850524,-6.558724907353254
2002-03-23,-45.7990394372709,12.552963232525238,-3.872961686517954,-5.829368451956558
2002-03-24,-45.32115935187428,10.026471861113654,-3.78135738887652,-6.842210783455499
2002-03-25,-43.39291922648217,9.585976467431845,-4.856479786539504,-8.088809088788633
2002-03-26,-43.14762508185748,8.302401746991356,-4.619137440640357,-9.890521162674421
2002-03-27,-41.22981831038931,7.272140492027954,-4.535429351398307,-11.479567670865418
2002-03-28,-39.48671611731847,7.6566778548643555,-5.403473217632182,-11.282117198201453
2002-03-29,-39.382376244141746,8.67903047247821,-5.511554721397318,-12.68173194600704
2002-03-30,-39.96070820752586,8.664939451000837,-3.7430122341683694,-11.863528756377303
2002-03-31,-39.69128806762923,8.908217825682922,-4.654534558220286,-12.843852661108347
2002-04-01,-40.19268568892914,7.390766165308253,-4.765724103893686,-11.080447352226066
2002-04-02,-40.171951569157024,5.588761284145253,-4.4381213442410035,-10.107068230405824
2002-04-03,-39.83486326601068,6.4844480192952965,-4.082823971205487,-10.097545773195849
2002-04-04,-38.86846670362138,6.961298425818758,-2.217575996808788,-10.31008817182446
2002-04-05,-38.00777595184034,4.829773629054703,-1.2201955373102544,-9.13737433814751
2002-04-06,-37.50059790579007,4.915055945017877,-2.7737610288041035,-7.365029393891676
2002-04-07,-38.361364166353944,5.177550772907636,-3.6747672287438955,-4.7532577002156975
2002-04-08,-36.9626311833341,4.6191988715529515,-2.9016561717093152,-6.744785924234132
2002-04-09,-37.58330920912127,4.521211863333691,-2.89254454199062,-6.605972281903324
2002-04-10,-37.19835794232092,5.469585395495395,-2.903762281924274,-4.6959389886826886
2002-04-11,-37.99977944318236,4.943717328597035,-3.614748350865188,-4.59832666750822
2002-04-12,-38.596764223632476,6.637261733413558,-3.5474407112832753,-4.195517620346848
2002-04-13,-38.645131152684996,6.872174121551018,-3.285957360245539,-3.501786468347879
2002-04-14,-38.80135485620369,8.275390199963525,-1.9688815992058202,-2.587543392744747
2002-04-15,-38.477394043939704,6.210412114767799,-1.1879531233647764,-3.8501701474505348
2002-04-16,-37.588270906367036,5.3838808948236405,-1.3595805868614157,-3.817414700589685
2002-04-17,-35.99259299005985,3.6587457883733325,-2.1960563116275598,-4.461506636370476
2002-04-18,-35.58932169119806,3.7593816677407523,-2.5305950714759704,-3.8133390713590862
2002-04-19,-35.61742406828388,5.0291122557980845,-2.7437422407876575,-3.889162513954271
2002-04-20,-34.7795115902197,5.187007346072691,-1.1238855505200929,-4.5078106255741375
2002-04-21,-33.72587238676063,5.207997872833469,-0.7403112001233823,-3.3433054219325795
2002-04-22,-33.125335743000576,5.6915382715089535,-1.6969957368416828,-3.9622785069317463
2002-04-23,-33.036002218609596,6.353699488376746,-2.2429640360309664,-3.8320246245920417
2002-04-24,-33.0836020870813,6.683183601230722,-1.7063770313010571,-5.167239327452412
2002-04-25,-33.39874800111831,5.396033742232407,-1.3523985186494598,-4.616925572033244
2002-04-26,-32.27221304028207,4.245409393966341,-0.26861437379721664,-4.567609128394496
2002-04-27,-32.81444821076051,3.795178012116653,-2.2224609056687545,-3.901728886258055
2002-04-28,-33.15679712030537,3.2388007318474115,-1.093636786941384,-3.7678918444062233
2002-04-29,-33.83380718761177,3.588849424061018,0.7948900567112147,-3.081043746741342
2002-04-30,-34.722468743713776,3.7117508539623567,0.647965190951192,-1.6977711618601106
2002-05-01,-33.68319884531237,1.8205139660868994,1.2078821177157613,-3.048046772014579
2002-05-02,-33.741935156471506,2.4746511247990126,1.7964411252980375,-4.298007532850841
2002-05-03,-34.20003320098227,2.5839787094785915,1.2701283676272426,-2.6776711313663495
2002-05-04,-33.1116291729163,2.5360613839941473,0.4512283553286135,-2.417961091864991
2002-05-05,-33.48939939125722,3.195741586125851,0.3238613119635132,-1.4859580218340995
2002-05-06,-33.834943554625696,3.5826353127620774,-2.0416496314211874,-2.8717627785254267
2002-05-07,-34.22577173066199,3.581403274183918,-3.181290778098077,-1.99257749842005
2002-05-08,-36.710419603965455,3.6241029188830796,-2.874172425550293,-2.771394925739201
2002-05-09,-35.872640478146174,2.783765017243754,-3.775196437763402,-1.9386359059814005
2002-05-10,-37.150112973815936,1.030108864839989,-4.996911805488428,-0.6904367477686084
2002-05-11,-35.50421427707219,2.02228348643054,-5.124615450118311,-3.322309737293662
2002-05-12,-34.74248977436674,1.4360296035713644,-4.824404638348385,-3.7193298702392745
2002-05-13,-35.832691465151164,-0.03255669625103996,-5.569776398640951,-2.484667251433144
2002-05-14,-37.02088748591249,0.33173894378879415,-5.935149049446127,-2.8567489814400004
2002-05-15,-37.455206037224215,0.44238504549192864,-5.7431297893651125,-2.866394164620175
2002-05-16,-37.00950083539257,-0.1482759153725292,-4.665958112336031,-3.764241386438187
2002-05-17,-37.42420432085756,-1.441594144990388,-4.051377810679894,-4.738730561996081
2002-05-18,-36.249132527220524,-2.0689801404838115,-3.065735057796501,-3.8547222018282303
2002-05-19,-34.602435155335456,-1.9091938964980086,-2.1530390228854914,-5.113955653479913
2002-05-20,-32.910741871502815,-2.5145540172209353,-2.7953741953396825,-7.271159556121232
2002-05-21,-31.940523331135307,-2.309105738121253,-3.807212952960553,-8.011301075979427
2002-05-22,-32.349929296741884,-1.532424762399761,-4.968181320629828,-8.784069138435292
2002-05-23,-33.305373431004554,-2.1039639062521935,-5.489700410673775,-8.427627250464694
2002-05-24,-32.65463276837666,-1.9668101212613918,-4.603344081581202,-7.068386453919039
2002-05-25,-33.477101952693424,-0.2846563128385733,-4.522241655129093,-8.897854950919392
2002-05-26,-33.08644918773434,-0.03974583817117974,-5.849351403688651,-10.66435310158332
2002-05-27,-32.764235923196765,0.46760124510374146,-5.320125727013332,-10.9284063590236
2002-05-28,-32.305804911145486,0.9725388267723316,-6.831548463559353,-12.065956737694817
2002-05-29,-31.85367566286072,-0.27163736766471014,-7.084411687862313,-13.219664306131923
2002-05-30,-31.924191581354567,-1.2024591687865085,-6.216794547236227,-14.009145885011602
2002-05-31,-31.854477569919677,-0.495804062013357,-5.154953306769665,-14.211223813512698
2002-06-01,-33.404322436071524,0.8131313471680854,-3.935326829797715,-14.178084435047209
2002-06-02,-31.5246457488495,-1.3831506737776575,-6.733829698460163,-14.939575269032911
2002-06-03,-30.9320334726604,-1.0620258038982073,-8.172030992128743,-15.403188148056461
2002-06-04,-32.49558938769389,-2.1985626057412206,-8.1904232685517,-16.42714955281118
2002-06-05,-32.178243638444336,-2.140417029877599,-7.558474988280782,-17.360325738077805
2002-06-06,-32.14727531074374,-3.3717750162262483,-7.774057994331698,-17.106940788223778
2002-06-07,-32.50629607892362,-4.524503434873655,-9.085790654906333,-17.268417936686724
2002-06-08,-32.63661731156142,-3.1201336553830545,-8.414823049341413,-17.111764984442384
2002-06-09,-33.21800705290401,-4.186097934483783,-7.171676253538732,-17.160001886153587
2002-06-10,-32.70006052993649,-2.499160626631324,-7.859113412848275,-16.958521976658
2002-06-11,-31.451115221679615,-3.5966846206811387,-7.225965653438256,-17.162210210722463
2002-06-12,-30.578582719246356,-2.7610654410437583,-6.701342823041251,-16.916505367884756
2002-06-13,-29.361613824460456,-3.429826420269019,-6.975970262464694,-16.80528023264908
2002-06-14,-29.210112318221537,-3.364006244846161,-5.94590336653257,-18.513851128650835
2002-06-15,-28.72686991503328,-5.157758278377776,-6.101757598056584,-17.869004343903406
2002-06-16,-28.9994945557904,-6.448255549365642,-5.667642879221838,-18.521170977286886
2002-06-17,-26.89976694499124,-7.3099312637408795,-5.580460243296914,-18.463437207671248
2002-06-18,-26.392434270191337,-7.542237761933596,-6.191441984534758,-18.860395024270588
2002-06-19,-25.132523519104357,-7.664416175642079,-6.044203540377626,-19.809290159229484
2002-06-20,-24.607640799187465,-8.505464572120335,-5.924006555984881,-19.318250962632025
2002-06-21,-24.064768953892493,-9.156315998835941,-6.685592505620572,-19.075495348449444
2002-06-22,-23.803587866377228,-9.928207944580272,-6.6254634028230965,-20.76100053692723
2002-06-23,-23.999498531162054,-9.287931079405343,-4.8113308661658545,-18.36273169704342
2002-06-24,-23.045595644094362,-10.170541045316432,-5.615279937536054,-18.654339583327648
2002-06-25,-24.295515218395774,-11.920780023028613,-5.112738484773535,-18.05480128071383
2002-06-26,-23.42871627978875,-13.381295236209475,-4.546916811152475,-19.260814499460658
2002-06-27,-20.810326241955092,-15.886908981987075,-4.113998799187776,-18.754478045059997
2002-06-28,-21.142434570912684,-16.781221239376908,-3.5651555028395694,-18.590201992022873
2002-06-29,-20.354903324601626,-18.737341799082795,-4.763265739206624,-19.53847039372299
2002-06-30,-20.980306047637285,-18.322375106231306,-5.290199417635159,-22.291834174408123
2002-07-01,-20.050184392455744,-18.436574660534372,-4.721379986372383,-22.739084917522714
2002-07-02,-19.16861906097154,-20.443293487560293,-4.974637465202162,-21.61573451006907
2002-07-03,-20.06658201650395,-18.673175496855574,-5.61342735933354,-21.14823160491284
2002-07-04,-18.680889061669554,-18.605685291009465,-6.565673975700912,-23.323820702977656
2002-07-05,-20.250716026064705,-18.569842358843058,-6.131816052787313,-24.94592222035484
2002-07-06,-21.193410061316918,-19.479675336843176,-6.601568416609887,-25.28869200301369
2002-07-07,-21.832473915055328,-17.34202157752635,-5.924882754774536,-24.77443722679921
2002-07-08,-23.204123790541974,-18.231612848908018,-6.1685018316959175,-26.053622209265505
2002-07-09,-24.656484366673684,-19.175208825833643,-8.041425979273889,-26.670172704436993
2002-07-10,-25.362616069562737,-19.840937754215602,-7.766941974400916,-26.622574547143678
2002-07-11,-25.323521845371545,-18.896152193759832,-7.7745811350376615,-25.032370052299413
2002-07-12,-25.478038538202085,-17.828404927650993,-10.619250297218786,-24.225636642034456
2002-07-13,-25.505824324286664,-16.741957575087383,-11.894791542004294,-25.268419928166296
2002-07-14,-25.98578124609248,-16.974664594197005,-14.810881783956733,-24.55164408051537
2002-07-15,-25.747256487372415,-15.955240545341775,-16.29391274788008,-26.22045676206616
2002-07-16,-27.14728988700233,-15.27297777561685,-16.4961898525199,-25.78239128047773
2002-07-17,-27.626306505041455,-16.094585210329637,-16.014848810046708,-25.366029623256587
2002-07-18,-27.221917459587075,-14.453143574977204,-15.41137513389767,-24.647703559411916
2002-07-19,-26.270398737438352,-14.232060696622998,-15.108352757752444,-24.32703899553374
2002-07-20,-25.692698953987538,-12.704333541364715,-13.061183489794328,-24.070437718080964
2002-07-21,-24.660951149273217,-11.916005072870146,-12.498528983503778,-25.162290897092664
2002-07-22,-23.771912456541425,-13.011622866829608,-12.174962145180514,-24.53809313464079
2002-07-23,-23.038409097636343,-12.634640057268236,-11.855449492834259,-23.45571340204377
2002-07-24,-22.585946009528,-13.581345560445236,-13.238973330617387,-24.321225644681988
2002-07-25,-22.97271680013639,-13.940557758345824,-13.881894917086806,-24.39221785248255
2002-07-26,-21.696333688570732,-13.650308316373534,-13.258860631358429,-24.88651876661297
2002-07-27,-22.341756725361773,-13.111972812549691,-13.094362257896483,-25.53808296180279
2002-07-28,-22.238597058972267,-13.606071958043366,-12.794783830102409,-26.218017866813955
2002-07-29,-20.462787202763547,-13.566327177892493,-11.0160535039695,-28.148358400751864
2002-07-30,-21.082281109206033,-14.249773063934962,-10.978239450776037,-27.64279079620664
2002-07-31,-22.213884813910525,-15.223222617871489,-10.470592022220213,-27.98308457627434
2002-08-01,-22.623389433251738,-15.223250643762297,-11.616331774886035,-25.922152428795453
2002-08-02,-22.79907597808384,-13.584751964485392,-11.446409747915284,-24.94066251240683
2002-08-03,-21.730810848452993,-13.137458495857175,-9.532614916366283,-25.548645366964834
2002-08-04,-22.89735985830492,-12.554271582669662,-9.230285153992305,-24.466813686963867
2002-08-05,-23.4676699541577,-13.997637734077465,-8.17012451959756,-24.19047059447379
2002-08-06,-23.675448405819335,-12.618830476671933,-8.543582325981271,-22.660126455579633
2002-08-07,-24.601476334330886,-11.090719789652905,-6.98275638392681,-23.738110474377116
2002-08-08,-24.796814060037903,-11.925875828261226,-6.705578628509766,-23.753087172999244
2002-08-09,-23.195243026979476,-12.480045660547022,-6.703169221099101,-25.30193560484735
2002-08-10,-23.568853607726375,-11.73877794800735,-6.288224777486345,-25.29378304267605
2002-08-11,-24.41445035582594,-11.848357515723407,-3.7275827502438577,-24.591104931333017
2002-08-12,-24.21445398905543,-12.369177752416014,-5.596363074800409,-26.25654015138298
2002-08-13,-25.00419509559656,-11.479923339458766,-5.822031221000938,-25.30694151596786
2002-08-14,-24.183865755153228,-10.99323102301633,-5.545715630500551,-25.028284212451474
2002-08-15,-22.102237842570897,-9.214941387249006,-4.127585184821496,-23.594701494418914
2002-08-16,-22.416719861546532,-6.729708875331848,-2.536057148821947,-24.985194254479268
2002-08-17,-22.967788122173857,-6.487900558972643,-2.849240409753217,-23.74051853408199
2002-08-18,-24.521845322471584,-6.50143313500251,-1.5779905629491027,-23.16713185224838
2002-08-19,-23.634946824708663,-7.248606890209564,-2.407626269508656,-24.291790327874484
2002-08-20,-22.526816131396096,-6.703045279453483,-2.752515551423396,-24.523447684371483
2002-08-21,-22.478537767553163,-7.749527322859219,-3.5848002362156093,-25.857675177879802
2002-08-22,-21.035180379818847,-8.221756282090572,-3.1615867700139253,-24.85939768023758
2002-08-23,-19.981041360284244,-8.871302376413132,-1.3752463258587841,-24.574211575330775
2002-08-24,-19.44441818190173,-10.445177117980135,-0.7285658575002508,-24.66194982024166
2002-08-25,-19.115178353960484,-11.368871597710712,-0.7012762552422104,-22.802559037507233
2002-08-26,-18.918572366971347,-10.001374208145661,-0.7209492842596467,-23.68987382309467
2002-08-27,-20.334513423121862,-9.2220730421939,-1.3419248921306408,-23.582436241385434
2002-08-28,-20.864404638417298,-8.63720926343385,-0.7380035290965098,-23.101952067730554
2002-08-29,-20.511312724147867,-9.782918926614453,-0.44250142015231103,-25.52826646399376
2002-08-30,-21.300856883473006,-9.87934453382722,-1.1555828809456399,-26.687250384348197
2002-08-31,-21.687625288930338,-9.103688085982446,-2.690144962343994,-25.6494053691614
2002-09-01,-21.239843818124893,-8.724917469234876,-2.2352747647715128,-25.063727716932963
2002-09-02,-22.183460750790278,-8.708674746525354,-3.0639266688203066,-24.45746780474423
2002-09-03,-22.33211488725259,-7.541399954576588,-4.289092190015813,-23.344405884225623
2002-09-04,-21.219713368861015,-8.614902909394141,-3.5896802015754354,-25.125724565807925
2002-09-05,-21.111776984160105,-7.274780121701729,-2.449714463713012,-24.36620210220239
2002-09-06,-20.163408769468102,-7.229952516292425,-4.136462223710133,-24.484293231739432
2002-09-07,-20.815474825120745,-6.265620006463712,-4.487783520959016,-24.545455404412966
2002-09-08,-21.51601482937435,-6.890353637865683,-4.6123208555741275,-25.60632843569525
2002-09-09,-19.804070625359017,-6.612039712269962,-5.264707166177999,-26.257678244175278
2002-09-10,-20.80962817715679,-6.886756094450353,-4.9684776177008825,-26.681975412739458
2002-09-11,-20.425628825487344,-7.48611780879914,-5.102113695177161,-26.091066137282798
2002-09-12,-19.6961540997044,-6.0189809548241815,-4.8308125860147255,-25.085394739047707
2002-09-13,-18.547770241034033,-6.413331046601396,-3.4656372964571345,-24.862628889663835
2002-09-14,-18.684111255991553,-6.975163961687395,-4.727293362392655,-25.772800006419423
2002-09-15,-18.151713834922717,-7.2548041295801,-5.165015193244009,-24.644087428117817
2002-09-16,-16.9073601078409,-6.278649767593748,-5.888165128469419,-24.968169274604
2002-09-17,-16.37111639716436,-6.877959947763791,-6.48664249235706,-24.49319730053027
2002-09-18,-16.268931715974034,-8.180189356737818,-5.433089348678939,-23.19515493620542
2002-09-19,-16.52998615536742,-7.504037978067785,-5.171521931356135,-22.330922633213962
2002-09-20,-14.77621375327675,-7.576482491105715,-3.293412033130252,-20.572864211273266
2002-09-21,-14.032911260070694,-6.997198656809228,-1.763459216744748,-20.411072704235913
2002-09-22,-15.506547282831685,-5.765598497347691,-0.6025460655375667,-19.686729750247096
2002-09-23,-16.211027458042622,-4.81084054896381,-2.9249231229408257,-18.706668827044062
2002-09-24,-17.020288241912276,-4.802182352101712,-1.950333613305341,-17.733234101440114
2002-09-25,-18.442876645453875,-4.937077762281962,-1.877755734164646,-17.505422127907263
2002-09-26,-18.456783502410346,-6.819919048413762,-2.1540222373471423,-17.54006425516505
